time,Input throttle,Load torque,Output
1.99999999999999,8.97187498137767,25.0,2000.03073205217
5.00662090245405,8.44244610530973,20.0,2003.9327373355
7.99999999999994,11.3327668735008,20.0,2993.40513594587
