time,x_0,x_1
2.8,6.999999999999998,2.8
9.8,-8.881784197001252e-16,9.8
